{
  "simulation":
  {
    "nodes": [1, 1],
    "indx": 8,
    "indy": 8,
    "indz": 8,
    "box":
    {
      "x": [-4, 4],
      "y": [-4, 4],
      "z": [-2.5, 4]
    },
    "boundary": "conducting",
    "n0": 1.79e16,
    "time": 7552.9845836275,
    "dt": 12.4304046342,
    "nbeams": 1,
    "nspecies": 1,
    "dump_restart": false,
    "ndump_restart": 0,
    "read_restart": false,
    "restart_timestep": 1,
    "iter": 1,
    "verbose": 1
  },
  "beam":
  [
    {
      "evolution": true,
      "profile": 0,
      "np": [64, 64, 64],
      "npmax": 265000,
      "q": -1.0,
      "m": 1.0,
      "gamma": 19569.5118355344,
      "peak_density": 44.2788943971,
      "quiet_start": false,
      "center": [0.0, 0.0, 0.0],
      "sigma": [0.1258830764, 0.1258830764, 0.7552984584],
      "sigma_v": [1.0, 1.0, 0.0],
      !"centroid_x": [0.006129536712, 0.02777777778, 0.03147076906],
      "centroid_x": [0.036, 0.166, 0.188],
      "centroid_y": [0.0, 0.0, 0.0],
      "diag":
      [
        {
          "name": ["charge"],
          "ndump": 1,
          "slice": [["xz", 129], ["yz", 129]]
        },
        {
          "name": ["raw"],
          "ndump": 1,
          "sample": 1
        }
      ]
    }
  ],
  "species":
  [
    {
      "profile": 0,
      "ppc": [4, 4],
      "q": -1.0,
      "m": 1.0,
      "density": 1.0,
      "longitudinal_profile": "piecewise",
      "piecewise_s": [0.0000, 50.6912, 101.3823, 152.0735, 202.7647, 253.4559, 304.1470, 354.8382, 405.5294, 456.2205, 506.9117, 557.6029, 608.2941, 658.9852, 709.6764, 760.3676, 811.0587, 861.7499, 912.4411, 963.1323, 1013.8234, 1064.5146, 1115.2058, 1165.8969, 1216.5881, 1267.2793, 1317.9705, 1368.6616, 1419.3528, 1470.0440, 1520.7352, 1571.4263, 1622.1175, 1672.8087, 1723.4998, 1774.1910, 1824.8822, 1875.5734, 1926.2645, 1976.9557, 2027.6469, 2078.3380, 2129.0292, 2179.7204, 2230.4116, 2281.1027, 2331.7939, 2382.4851, 2433.1762, 2483.8674, 2534.5586, 2585.2498, 2635.9409, 2686.6321, 2737.3233, 2788.0144, 2838.7056, 2889.3968, 2940.0880, 2990.7791, 3041.4703, 3092.1615, 3142.8526, 3193.5438, 3244.2350, 3294.9262, 3345.6173, 3396.3085, 3446.9997, 3497.6908, 3548.3820, 3599.0732, 3649.7644, 3700.4555, 3751.1467, 3801.8379, 3852.5290, 3903.2202, 3953.9114, 4004.6026, 4055.2937, 4105.9849, 4156.6761, 4207.3673, 4258.0584, 4308.7496, 4359.4408, 4410.1319, 4460.8231, 4511.5143, 4562.2055, 4612.8966, 4663.5878, 4714.2790, 4764.9701, 4815.6613, 4866.3525, 4917.0437, 4967.7348, 5018.4260, 5069.1172, 5119.8083, 5170.4995, 5221.1907, 5271.8819, 5322.5730, 5373.2642, 5423.9554, 5474.6465, 5525.3377, 5576.0289, 5626.7201, 5677.4112, 5728.1024, 5778.7936, 5829.4847, 5880.1759, 5930.8671, 5981.5583, 6032.2494, 6082.9406, 6133.6318, 6184.3229, 6235.0141, 6285.7053, 6336.3965, 6387.0876, 6437.7788, 6488.4700, 6539.1611, 6589.8523, 6640.5435, 6691.2347, 6741.9258, 6792.6170, 6843.3082, 6893.9994, 6944.6905, 6995.3817, 7046.0729, 7096.7640, 7147.4552, 7198.1464, 7248.8376, 7299.5287, 7350.2199, 7400.9111, 7451.6022, 7502.2934, 7552.9846],
      "piecewise_density": [0.0111, 0.0133, 0.0158, 0.0188, 0.0223, 0.0263, 0.0309, 0.0361, 0.0421, 0.0490, 0.0567, 0.0654, 0.0752, 0.0861, 0.0982, 0.1117, 0.1265, 0.1427, 0.1605, 0.1799, 0.2008, 0.2233, 0.2475, 0.2733, 0.3007, 0.3296, 0.3600, 0.3917, 0.4247, 0.4588, 0.4938, 0.5296, 0.5659, 0.6025, 0.6391, 0.6754, 0.7113, 0.7463, 0.7801, 0.8126, 0.8433, 0.8720, 0.8983, 0.9221, 0.9431, 0.9611, 0.9758, 0.9871, 0.9949, 0.9992, 1.0000, 1.0000, 1.0000, 1.0000, 1.0000, 1.0000, 1.0000, 1.0000, 1.0000, 1.0000, 1.0000, 1.0000, 1.0000, 1.0000, 1.0000, 1.0000, 1.0000, 1.0000, 1.0000, 1.0000, 1.0000, 1.0000, 1.0000, 1.0000, 1.0000, 1.0000, 1.0000, 1.0000, 1.0000, 1.0000, 1.0000, 1.0000, 1.0000, 1.0000, 1.0000, 1.0000, 1.0000, 1.0000, 1.0000, 1.0000, 1.0000, 1.0000, 1.0000, 1.0000, 1.0000, 1.0000, 1.0000, 1.0000, 1.0000, 1.0000, 0.9992, 0.9949, 0.9871, 0.9758, 0.9611, 0.9431, 0.9221, 0.8983, 0.8720, 0.8433, 0.8126, 0.7801, 0.7463, 0.7113, 0.6754, 0.6391, 0.6025, 0.5659, 0.5296, 0.4938, 0.4588, 0.4247, 0.3917, 0.3600, 0.3296, 0.3007, 0.2733, 0.2475, 0.2233, 0.2008, 0.1799, 0.1605, 0.1427, 0.1265, 0.1117, 0.0982, 0.0861, 0.0752, 0.0654, 0.0567, 0.0490, 0.0421, 0.0361, 0.0309, 0.0263, 0.0223, 0.0188, 0.0158, 0.0133, 0.0111],
      "diag":
      [
        {
          "name": ["charge"],
          "ndump": 1,
          "slice": [["xz", 129], ["yz", 129]]
        }
      ]
    }
  ],
  "field":
  {
    "diag":
    [
      {
        "name": ["ex", "ex", "ez"],
        "ndump": 1,
        "slice": [["xz", 129], ["yz", 129]]
      }
    ]
  }
}
